Date,Open,High,Low,Close,Adj Close,Volume
2019-01-02,-6.42592510223389,-5.435923423767093,-6.590926017761234,-5.668425407409671,-7.255091514587406,148158800
2019-01-03,-9.147575265110127,-8.712573891819112,-9.642574196994893,-9.59507358664333,-11.023700600803487,365248800
2019-01-04,-9.002255159265857,-7.997254091150623,-9.184754091150623,-8.069756227381099,-9.55937262142406,234428400
2019-01-07,-7.954321111290199,-7.921819890587074,-8.654321874229659,-8.146822179405433,-9.633112157432777,219111200
2019-01-08,-7.726226549882156,-7.161224108475906,-7.986224871415359,-7.428725939530594,-8.943351488846993,164101200
2019-01-09,-7.276668330601282,-6.466666957310267,-7.69166543143136,-6.771667262486048,-8.312011500767298,180396400
2019-01-10,-6.9723820596371056,-6.604881754461324,-7.382381907049215,-6.647381296697652,-8.192661753240628,143122800
2019-01-11,-6.8824052899797366,-6.677407273622315,-7.224907883973884,-7.029908189149658,-8.56000615057544,108092800
2019-01-14,-7.401040112530744,-7.296040570294416,-7.808541333233869,-7.61354163840965,-9.120629345929181,129756800
2019-01-15,-7.568278706401863,-6.788279927104988,-7.623279011577644,-6.8682779434624095,-8.406218922466316,114843600
2019-01-16,-6.8931358684193,-6.193135105479847,-6.913136326182972,-6.428135715831409,-7.984852634776722,122278800
2019-01-17,-6.645023242847337,-5.78002156438054,-6.880023853198907,-6.230022327319993,-7.795997516528978,119284800
2019-01-18,-5.849955320358276,-5.754954099655151,-6.229956388473511,-6.019953489303589,-7.595564603805542,135004000
2019-01-22,-6.151768946014677,-6.071770929657255,-7.099271082245139,-6.929269098602568,-8.469521784149443,121576000
2019-01-23,-6.742479558576626,-6.4949781852856034,-7.354978795637166,-6.799978490461385,-8.346449132551236,92522400
2019-01-24,-6.780238939368203,-6.687740160071328,-7.372737718665078,-7.132739854895547,-8.666965318762735,101766000
2019-01-25,-6.47485016132223,-5.812347872503871,-6.764847262152308,-5.904850466498019,-7.489906771429652,134142000
2019-01-28,-6.43258709377713,-6.297584957546661,-6.965084499782989,-6.30508465237088,-7.875465816921661,104768400
2019-01-29,-6.355593180252335,-5.88559195954921,-6.890593027664444,-6.748095011307022,-8.302210306717171,166348800
2019-01-30,-4.641533571131092,-3.916535097010005,-5.396534639246326,-4.141533571131092,-5.8018538531135135,244439200
2019-01-31,-3.9614581425984667,-3.2389582951863574,-4.34895890553792,-3.878957684834795,-5.55122941335042,162958400
2019-02-01,-3.777085075693684,-3.272087822275715,-4.034588585215168,-3.8870856860452463,-5.560162315683918,130672400
2019-02-04,-3.7009211993608346,-2.6384211993608346,-3.7334224200639596,-2.7409221148881784,-4.4615222430620065,125982000
2019-02-05,-2.374044557897058,-1.8190442527212767,-2.5015431846060423,-2.044046541539636,-3.7940808738150267,144406400
2019-02-06,-1.9579249043618532,-1.7279215474282523,-2.4079218526040336,-2.060422005191924,-3.811062874332549,112958400
2019-02-07,-2.558561523437504,-2.1735593872070282,-3.0735609130859345,-2.9235593872070282,-4.641039093017575,126966800
2019-02-08,-3.450931155492391,-3.033431613256063,-3.5934329865470787,-3.095931613256063,-4.632716738988485,95280000
2019-02-11,-2.9784834854246114,-2.9384825698972676,-3.4284842483640645,-3.383486079418752,-4.911436366283986,83973600
2019-02-12,-3.257517993450165,-3.032519519329071,-3.357520282268524,-3.0600196719169617,-4.6011382937431335,89134000
2019-02-13,-2.9677520870238325,-2.6952530025511763,-3.335252392199614,-3.2702537654906294,-4.804963695910551,89960800
2019-02-14,-3.4223252516526443,-3.034828303410464,-3.504825709416316,-3.149826167179988,-4.690128443791316,87342800
2019-02-15,-3.075171754560401,-2.962672517499854,-3.450171754560401,-3.282672212324073,-4.819545076093604,98507200
2019-02-19,-3.4946384718923866,-3.062139540007621,-3.549638777068168,-3.189641981413871,-4.731115370085746,75891200
2019-02-20,-3.1615031536360405,-2.6290019329329155,-3.2115023906965874,-2.9515040691633843,-4.50289948542315,104457600
2019-02-21,-3.048879851156208,-2.906381834798779,-3.423879851156208,-3.2338812244472237,-4.77653335457417,68998800
2019-02-22,-3.1418514110423885,-2.7868518688060604,-3.1918506481029354,-2.794351563630279,-4.3542232372142635,75652800
2019-02-25,-2.532149847816015,-2.104651984046477,-2.584651526282812,-2.5146518314585933,-4.085883673499609,87493600
2019-02-26,-2.6836479910968833,-2.286148906624227,-2.818650127327352,-2.5286492118000083,-4.100785137092977,68280800
2019-02-27,-2.8415200883063747,-2.3940217667731716,-2.961522834888406,-2.4265229874762895,-4.003526466480203,111341600
2019-02-28,-2.6047464000235365,-2.4572473155508803,-2.954748688841896,-2.8972497569571374,-4.458754120970802,112861600
2019-03-01,-2.6577860423496773,-2.4402872630528094,-3.0052858897617867,-2.485285431998115,-4.063200623648505,103544800
2019-03-04,-2.3474107566454734,-1.8324113669970359,-2.7774110618212546,-2.3074098411181296,-3.893251973686489,109744800
2019-03-05,-2.32353814890687,-2.3085387592584325,-2.6735404377252294,-2.426039064434214,-4.009001100567026,78949600
2019-03-06,-2.680385109427924,-2.4753832783732364,-2.8628840413126895,-2.7178835835490176,-4.291732307914252,83241600
2019-03-07,-2.9225533273484885,-2.780051496293808,-3.3850510385301362,-3.2650521066453706,-4.82069328096177,99185600
2019-03-08,-3.8500843968884695,-3.1625843968884695,-4.055086227943157,-3.2025853124158132,-4.76191148429082,95997600
2019-03-11,-2.6043650744712536,-1.6968676684653872,-2.639364921883363,-1.7518679736411826,-3.3652217028892224,128044000
2019-03-12,-1.5151700649131712,-0.8476705226768431,-1.672671285616289,-1.2876691493858274,-2.9191503200401243,129870400
2019-03-13,-0.9830067608807553,-0.7205059979413022,-1.3155072186444272,-1.1180050824139585,-2.756703660294818,124130000
2019-03-14,-0.5825183023542451,-0.5325152505964255,-0.9175173868268942,-0.6250178445905661,-2.281920157822995,94318000
2019-03-15,-0.3629651387532533,0.2570337931315123,-0.6404652913411439,-0.04546788533527746,-1.7239270528157533,156171600
2019-03-18,-0.14655551531456723,0.500943569158089,-0.14905795672081723,0.408444789861214,-1.2871538124337079,104879200
2019-03-19,0.46291273518612286,0.6229125825982322,-0.14458924845645527,0.007910904131435359,-1.6742523343939553,126585600
2019-03-20,-0.09076902601454151,0.7242334153917085,-0.4657690260145415,0.3917329576280366,-1.3051206800672759,124140800
2019-03-21,0.8341894025926493,2.411688792241087,0.7816877241258524,2.101687418950071,0.34233378125475866,204136800
2019-03-22,2.1282410406297245,2.7157425665086308,0.988241650981287,1.0557427190965214,-0.6671729303175411,169630800
2019-03-25,1.1452230062240147,1.262723311399803,-0.08227409460605628,0.4527257528060531,-1.2493540201431657,175381200
2019-03-26,1.1591410545786474,1.4641413597544286,-0.6108594031850245,-0.05836153941549327,-1.742874631456509,199202000
2019-03-27,0.40082279639908336,0.6533214231080606,-0.14917644066146352,0.3308231015748646,-1.368838153307948,119393600
2019-03-28,0.41433886162140254,0.5668390142092932,0.05933931938507442,0.3568399297366369,-1.3450681818356216,83121600
2019-03-29,0.5982973337173476,0.6607973337173476,0.27579519748687886,0.6282961130142226,-1.0847127676010118,94256000
2019-04-01,1.0116613399908374,1.0216596615240405,0.19666271328185303,0.9116628658697437,-0.8129693973138501,111448000
2019-04-02,0.8357861130325901,1.6782887070267307,0.825787791499387,1.5682880966751682,-0.18141817163537866,91062800
2019-04-03,1.3529447777870942,2.165444777787094,1.3279432519081809,1.8779463036660005,0.11625425654685984,93087200
2019-04-04,1.709510500838114,2.104510958601793,1.2970120267170202,1.9345127896564733,0.16974609654123896,76457200
2019-04-05,2.099953761245267,2.2624560500636264,1.9699526931300326,2.23745452418472,0.46087752833511075,74106400
2019-04-08,2.0661290410053326,3.01862843065377,2.0461285832416607,2.9861310246479107,1.181603741933067,103526800
2019-04-09,3.0099119997310098,3.6424116945552285,2.737409100561088,2.8049101686763223,1.0057921266841348,143072800
2019-04-10,2.569462435586111,3.084465639931814,2.444462435586111,3.0544630459376805,1.245232241494321,86781200
2019-04-11,3.0863772510776855,3.123875725198779,2.4838763355503417,2.611374962259326,0.8172045826206613,83603200
2019-04-12,2.6434551014619743,2.8784557118135368,1.8959575428682243,2.5609546436983095,0.7675166859346305,111042800
2019-04-15,2.452412722403544,2.7699137905187783,2.3099108913488493,2.6149111965246377,0.8182231166906533,70146400
2019-04-16,2.6368185309476644,3.1143156317777496,2.411816242129305,2.5843168524808675,0.7874456671781402,102785600
2019-04-17,2.620316235316281,3.580319134486203,2.3878180663709685,3.517819134486203,1.6859557311658904,115627200
2019-04-18,3.4756022266958055,3.73310192152001,3.325604515514158,3.660603599986814,1.8221560291860328,96783200
2019-04-22,3.3540004621233237,3.8815006147112143,3.231499088832308,3.7789996991838706,1.9345096479143393,77758000
2019-04-23,3.706162951209329,4.5361647822640165,3.573663256385103,4.468663714148782,2.5975775935433134,93292000
2019-04-24,4.397500162070756,4.677498941367631,4.320000772422318,4.347500925010209,2.4792987155375528,70162400
2019-04-25,4.22268306003528,4.455181228980585,3.79518138156849,3.8351822970958267,1.9839287875743423,74172800
2019-04-26,3.697219166675751,3.7222206925546644,3.0022194718515465,3.5472214554941175,1.704798970142555,74596400
2019-04-29,3.5268596013386997,3.9193614323933943,3.3918612798055037,3.5793612798055037,1.7341502507527764,88818800
2019-04-30,3.1495021588235943,3.2345012432962434,2.1620029217630474,2.552002311411485,0.7423251873880474,186139600
2019-05-01,4.817047936575754,6.174546105521067,4.654545647757395,4.977047783987864,3.078545434134348,259309200
2019-05-02,4.768646636295841,5.471146025944272,4.34114877252631,4.596146025944272,2.7099918511395913,127985200
2019-05-03,4.994578672491983,5.23207790955253,4.829577756964639,5.209578825079873,3.299987150275186,83569600
2019-05-06,3.3038767221811653,4.4413774851206185,3.1063784006479622,4.351377332532728,2.4712618234995247,129772400
2019-05-07,3.6626490931357125,4.047647414668916,2.4001483301962594,2.907648025020478,1.0782222132529,155054800
2019-05-08,2.630760519262296,3.4907611296138654,2.593262045141209,2.880760519262296,1.0509723112544904,105358000
2019-05-09,2.2124186982499694,2.5324183930741953,1.2774211396562265,2.292420529304664,0.4822856416093515,139634400
2019-05-10,1.4237164896001246,1.7812184732427028,0.2612180154790309,1.363715116309109,-0.23149591274362535,164834800
2019-05-13,-1.0396167353579884,-0.5971194819400196,-2.254616887945879,-1.537118108649004,-3.0396281794497853,229722400
2019-05-14,-1.4025121758745627,-0.5800138543413595,-1.6525121758745627,-0.8400121758745627,-2.366306884126516,146118800
2019-05-15,-1.4830718437830583,-0.11307291189829272,-1.5455718437830583,-0.3205733696619646,-1.8651404778162615,106178800
2019-05-16,-0.6182244651675859,0.02177492448085161,-0.8857262962222734,-0.5757249229312578,-2.1135056846500078,132125600
2019-05-17,-1.4044863514064545,-0.41198604623068036,-1.4469858936427897,-0.886984520351767,-2.4160219959377045,131516400
2019-05-20,-2.3011912223620286,-2.0936907645983567,-3.111192595653044,-2.4086932060046067,-3.8899172660632004,154449200
2019-05-21,-1.923851713842275,-1.2288520190180563,-2.0538527819575094,-1.57885049313915,-3.088474974340329,113459200
2019-05-22,-2.118793487548828,-1.856292724609375,-2.6462936401367188,-2.588794708251953,-4.067512512207031,118994400
2019-05-23,-3.387751743046927,-3.202754184453177,-3.8852531163379425,-3.422751590459036,-4.876231357304739,146118800
2019-05-24,-3.3404781399060752,-2.8554775295545127,-3.73547859766974,-3.647977071790841,-5.095872121839669,94858800
2019-05-28,-3.711487941741943,-3.293988399505615,-3.9639865684509275,-3.8839885520935056,-5.32589071273803,111792800
2019-05-29,-4.43318794250488,-3.7006859588623016,-4.538187484741208,-4.193186264038083,-5.628221969604489,113924800
2019-05-30,-4.168463249206546,-3.8484635543823273,-4.488462944030765,-4.08096172332764,-5.523436088562015,84873600
2019-05-31,-4.713776054382322,-4.273773612976072,-5.023773612976072,-5.0037731552124,-6.420116844177251,108174400
2019-06-03,-4.986310977935794,-4.406312961578372,-6.318811435699466,-5.561311740875247,-6.963331241607669,161584400
2019-06-04,-5.141849384307861,-4.044349536895751,-5.371848926544189,-4.091850147247314,-5.545169696807861,123872000
2019-06-05,-3.0446878051757835,-2.8671861267089866,-3.829687652587893,-3.479689178466799,-4.956465301513674,119093600
2019-06-06,-3.460662040710446,-2.8631621932983364,-3.693164024353031,-2.9256621932983364,-4.424121055603031,90105200
2019-06-07,-2.724113883972173,-1.371612968444822,-2.9091114425659157,-1.8141140365600634,-3.3524517440795876,122737600
2019-06-10,-1.5157256126403809,-0.6257262229919363,-1.5632262229919363,-1.3232245445251465,-2.8812193870544434,104883600
2019-06-11,-0.8659623336791995,-0.5809624862670901,-1.1809609603881839,-0.8784630966186526,-2.454509086608887,107731600
2019-06-12,-1.2107382392883324,-0.705737171173098,-1.3507376289367699,-1.1507368659973167,-2.721758899688716,73012800
2019-06-13,-1.1481882476806646,-0.6256891632080084,-1.4231859588623053,-1.2856890106201249,-2.8563982391357428,86698400
2019-06-14,-2.061536712646486,-1.551538391113283,-2.374036712646486,-1.7640361022949236,-3.323335571289057,75046000
2019-06-17,-1.853826503753666,-1.3388232994079559,-2.0363254356384246,-1.6063251304626434,-3.1749286460876434,58676400
2019-06-18,-1.1954742050170921,-0.13547664642334212,-1.4054732894897484,-0.5954757308959984,-2.2009711837768577,106204000
2019-06-19,-0.42138929367065714,-0.37138624191284464,-1.0138880729675321,-0.8738886833190875,-2.4746882438659696,84496800
2019-06-20,-0.37686370849608863,-0.3168623352050801,-0.961862792968752,-0.6043608093261739,-2.2180197143554707,86056000
2019-06-21,-0.9017367362976074,-0.3892359733581543,-1.064239025115974,-0.9067378044128418,-2.5148959159851074,191202400
2019-06-24,-1.1008391761779777,-0.695836582183837,-1.1933379554748527,-1.090837039947509,-2.6973777198791495,72881600
2019-06-25,-1.2523643302917478,-1.044863872528083,-2.037364177703857,-1.9673606681823728,-3.5495445060729978,84281200
2019-06-26,-1.537611446380616,-0.7326111412048348,-1.6426109886169442,-1.0301117515563973,-2.646528682708741,104270000
2019-06-27,-1.0316641998291018,-0.7116606903076175,-1.2116606903076175,-1.1691611480712893,-2.785089797973633,83598800
2019-06-28,-1.5539768600463901,-1.3489750289917026,-1.9614742660522495,-1.7439754867553745,-3.34517559051514,124442400
2019-07-01,-0.546613006591798,-0.2166111755371105,-1.1766140747070395,-0.951611785888673,-2.58217742919922,109012000
2019-07-02,-1.0977991294860843,-0.667798824310303,-1.1102998924255374,-0.7678011131286624,-2.4079225730896,67740800
2019-07-03,-0.7441378593444838,-0.4541369438171401,-0.8916369438171401,-0.46163663864135884,-2.1153384208679213,45448000
2019-07-05,-0.8408485221862776,-0.40834959030151197,-0.9533515739440972,-0.6208511161804182,-2.273103313446043,69062000
2019-07-08,-1.597025661468507,-1.4495265769958579,-2.1970241355896007,-1.7945239830017101,-3.412722377777108,101354400
2019-07-09,-2.1162758255004874,-1.538776435852057,-2.213775672912597,-1.6062736892700187,-3.23433307647705,82312000
2019-07-10,-1.5758485412597665,-1.105851135253907,-1.6483506774902352,-1.230851135253907,-2.8750199890136727,71588400
2019-07-11,-1.3314131736755357,-1.0614127159118638,-1.7314108848571763,-1.7214125633239732,-3.3536032676696763,80767200
2019-07-12,-1.66358833312988,-1.2760875701904268,-1.72608833312988,-1.4510868072509737,-3.095820236206052,70380800
2019-07-15,-1.364238510131834,-0.9192388153076081,-1.3867375946044902,-1.0842359161376933,-2.7444188690185527,67789600
2019-07-16,-1.3513759994506813,-0.971374931335447,-1.6238750839233376,-1.3738750839233376,-3.0283054733276344,67467200
2019-07-17,-1.6045243072509763,-1.3445259857177732,-1.799524002075195,-1.7795235443115232,-3.424646072387695,56430000
2019-07-18,-1.7392000579833962,-1.2691988372802712,-1.8142008209228493,-1.3241991424560524,-2.9880175018310595,74162400
2019-07-19,-1.4075642585754409,-1.230062580108644,-2.2650624275207534,-2.2075634956359877,-3.846548175811762,83717200
2019-07-22,-2.0602516174316463,-1.1652511596679673,-2.0702499389648423,-1.1677497863769517,-2.8441947937011705,89111600
2019-07-23,-0.9776234054565407,-0.8651241683959938,-1.2701267623901344,-0.8826259994506813,-2.5721706771850563,73420800
2019-07-24,-1.2980130386352542,-0.9280141067504957,-1.4230130386352542,-1.0480130386352542,-2.7361806106567315,59966400
2019-07-25,-1.1182377243042012,-1.030736198425295,-1.658238639831545,-1.5857365036010762,-3.26056407928467,55638400
2019-07-26,-1.6007511138916044,-1.0382511138916044,-1.6857501983642607,-1.5357486724853544,-3.216405105590823,70475600
2019-07-29,-1.486848373413089,-0.9418502044677766,-1.4918494415283234,-1.1818518829345734,-2.878186721801761,86693600
2019-07-30,-1.543376407623299,-1.1933741188049325,-1.9058756446838387,-1.5383753395080575,-3.227435550689698,135742800
2019-07-31,0.23722452163696062,1.4747237586975146,-1.0427742576599144,-0.6077766990661644,-2.3313065147399925,277125600
2019-08-01,-0.525939044952402,0.5065621757507301,-2.315936145782473,-1.893439350128176,-3.579669055938723,216071600
2019-08-02,-2.749812831878664,-2.5248143577575703,-3.724811305999758,-3.1273114585876485,-4.777862300872805,163448400
2019-08-05,-4.76401113510132,-4.599014034271249,-6.116512050628664,-5.92651342391968,-7.490665187835695,209572000
2019-08-06,-5.3192631149292,-4.87926067352295,-5.886764183044434,-5.146762504577637,-6.740523948669434,143299200
2019-08-07,-5.676849079132083,-4.639350605010989,-6.074348163604739,-4.7693516731262235,-6.379623126983645,133457600
2019-08-08,-4.611100749969481,-3.778600292205809,-4.813600139617918,-3.803601818084715,-5.44938428878784,108038000
2019-08-09,-4.468136711120607,-4.103138847351083,-4.970639152526857,-4.545636100769045,-5.986935539245607,98478800
2019-08-12,-5.030413703918448,-4.422911720275877,-5.147914009094244,-4.815413551330565,-6.253062324523924,89927600
2019-08-13,-4.816998901367185,-2.0370001220703102,-4.952001037597654,-2.8294996643066384,-4.328034820556638,188874000
2019-08-14,-4.4128865432739275,-3.5928868484497087,-4.555388374328615,-4.515387458801271,-5.969305915832521,146189600
2019-08-15,-4.47206079483032,-4.052062625885007,-5.4195629310607885,-4.902061100006101,-6.348739261627195,108909600
2019-08-16,-4.410125274658206,-3.6901240539550813,-4.520125885009769,-3.855124969482425,-5.3359446716308625,110481600
2019-08-19,-2.978676204681392,-2.4511760520935084,-3.1261752891540553,-3.046173458099368,-4.554596309661868,97654400
2019-08-20,-3.0659987449646025,-2.448498439788821,-3.20599813461304,-3.195999813079837,-4.704498958587649,107537200
2019-08-21,-2.6987985801696794,-2.5338014793396084,-3.046298427581789,-2.7863001060485857,-4.311152858734133,86141600
2019-08-22,-2.802211837768553,-2.489711837768553,-3.4122124481201155,-2.9847107696533186,-4.508266525268553,89014800
2019-08-23,-3.892339267730712,-3.2373366737365714,-5.9998374366760245,-5.589837589263915,-7.042977848052978,187272000
2019-08-26,-4.936362266540527,-4.6038618087768555,-5.1363630294799805,-4.778861045837402,-6.259608268737786,104174400
2019-08-27,-4.5905872726440435,-4.418086662292481,-5.673087730407715,-5.51558650970459,-6.979617729187012,103493200
2019-08-28,-5.68168590545654,-5.276687126159665,-5.876685600280759,-5.324187736511227,-6.798045616149899,63755200
2019-08-29,-4.732562446594237,-4.527560615539549,-5.192561531066893,-4.60506381988526,-6.103881263732909,83962000
2019-08-30,-4.466474037170407,-4.393975715637204,-5.206475715637204,-4.821473579406735,-6.3183569717407195,84573600
2019-09-03,-5.547489280700681,-5.409988517761228,-6.099987144470212,-5.729988212585447,-7.205074424743657,80092000
2019-09-04,-5.192900123596189,-4.920401039123533,-5.460398139953611,-4.992899360656736,-6.4930061721801735,76752400
2019-09-05,-4.438824977874759,-3.946324672698978,-4.561326351165782,-4.1188252830505405,-5.648267116546634,95654800
2019-09-06,-4.083161716461184,-3.990662937164309,-4.46816385269166,-4.28066385269166,-5.809956912994387,77449200
2019-09-09,-4.041463394165042,-3.641461868286136,-4.983960647583011,-4.20896293640137,-5.744779129028323,109237600
2019-09-10,-4.424287338256839,-3.694287796020511,-4.961785812377933,-3.714288253784183,-5.268247146606448,127111600
2019-09-11,-3.5036981582641573,-2.093698310852048,-3.588701057434079,-2.1237009048461886,-3.727071571350095,177158400
2019-09-12,-1.9649367332458496,-1.5599379539489746,-2.449937343597412,-2.3924384117126465,-3.992227077484131,128906800
2019-09-13,-3.3110875129699693,-3.113589191436766,-4.056086444854735,-3.6235875129699693,-5.192252063751219,159053200
2019-09-16,-4.02575107574463,-3.4257487869262704,-4.068250617980958,-3.4832515335083087,-5.060155830383302,84632400
2019-09-17,-3.6093358230590837,-3.394335670471193,-3.8193387222289985,-3.4243382644653337,-5.006979866027834,73274800
2019-09-18,-3.4796755981445315,-3.032173461914063,-3.8846743774414065,-3.0521739196777347,-4.649662322998047,101360000
2019-09-19,-3.386313838958749,-2.948813838958749,-3.796313686370844,-3.6488107872009294,-5.23331777572632,88242400
2019-09-20,-3.6970487594604506,-3.402050590515138,-4.674549674987794,-4.60955104827881,-6.170895195007326,221652400
2019-09-23,-4.459800739288333,-4.237300891876224,-4.784801502227793,-4.517299671173099,-6.085746784210208,76662000
2019-09-24,-4.08283779144287,-3.717836112976073,-5.042836875915526,-4.920339317321776,-6.481328697204589,124763200
2019-09-25,-4.8401492309570315,-4.102649993896485,-5.192650146484375,-4.220150299072266,-5.805164642333985,87613600
2019-09-26,-4.617487487792971,-4.3824868774414085,-4.909987030029299,-4.644987640380862,-6.221819458007808,75334000
2019-09-27,-4.622264156341551,-4.517260799407957,-5.437262783050535,-5.052260646820066,-6.621428737640379,101408000
2019-09-30,-4.670001487731938,-3.7499995040893523,-4.697501640319821,-3.902499656677243,-5.5085940170288055,103909600
2019-10-01,-3.7465981292724635,-2.9590996551513697,-3.964100723266604,-3.8666008758544947,-5.477143173217776,139223200
2019-10-02,-4.3583005523681635,-4.228299484252929,-5.6408017730712885,-5.383298263549804,-6.953469619750976,138449200
2019-10-03,-5.635139274597165,-5.002635765075681,-6.460136222839353,-5.03763561248779,-6.621150779724118,114426000
2019-10-04,-3.942387580871582,-3.479886054992676,-4.379887580871582,-3.599888801574714,-5.227780342102051,138478800
2019-10-07,-3.8907613372802743,-2.975764236450196,-3.9982633209228524,-3.693263015747071,-5.321513137817384,122306000
2019-10-08,-4.13812307357788,-3.57812551498413,-4.510624446868896,-4.493126430511481,-6.102303066253661,111820000
2019-10-09,-3.9596752166748033,-3.769676589965819,-4.307175064086913,-3.9596752166748033,-5.587707901000975,74770400
2019-10-10,-3.8768517303466794,-3.2493492889404294,-4.034349136352539,-3.3368508148193357,-4.986833267211914,113013600
2019-10-11,-2.7591381835937483,-1.5866375732421858,-2.9191380310058577,-1.9441357421874983,-3.6380024719238264,166795600
2019-10-14,-2.3996764373779342,-1.5921736907958959,-2.4571753692626928,-2.1571761322021388,-3.8486090850830053,96427600
2019-10-15,-2.1314125823974592,-1.816413955688482,-2.5089112091064436,-2.398910598754881,-4.08640296936035,87360000
2019-10-16,-3.0185136413574156,-2.551011047363282,-3.061013183593751,-2.7685136413574156,-4.449185333251961,73903200
2019-10-17,-2.7090883255004883,-2.444088935852058,-3.10158634185791,-2.661587715148926,-4.348790168762207,67585200
2019-10-18,-2.921588325500487,-2.1740869522094712,-2.99658908843994,-2.4665864944457994,-4.161895179748534,97433600
2019-10-21,-2.3148238372802723,-1.447323532104491,-2.364823074340819,-1.5673262786865294,-3.2920348358154286,87247200
2019-10-22,-1.4847114944458042,-1.224713172912601,-1.8697136306762658,-1.784710731506351,-3.50546726226807,82293600
2019-10-23,-1.3469483757019063,-1.061948528289797,-1.5669495964050313,-1.0769517326355,-2.8208024406433125,75828800
2019-10-24,-0.8361637687683157,-0.7636616325378398,-1.5111630058288554,-1.068661937713621,-2.8153812980651836,69275200
2019-10-25,-1.255086479187014,-0.3625884628295921,-1.3250861740112327,-0.40008693695068587,-2.1683211898803734,73477200
2019-10-28,-0.24846286773681925,0.20903759002685263,-0.4234621047973661,0.15903835296630575,-1.626903724670413,96572800
2019-10-29,0.09010040283202869,0.28510009765624744,-1.509898071289065,-1.3299015808105494,-3.074534301757815,142839600
2019-10-30,-1.033313789367682,-0.8983116531372062,-1.9208107376098624,-1.408313789367682,-3.152740516662597,124522000
2019-10-31,-0.4794860458374046,0.0030121231079078825,-2.974488792419443,-0.09948879241944297,-1.883351860046389,139162000
2019-11-01,0.015973396301269815,1.6134732437133792,-0.07902400970458956,1.5859769058227542,-0.24851863861084666,151125200
2019-11-04,1.8965342140197734,2.0265390968322734,1.4090387916564922,1.9390375709533672,0.09249521255492965,103272000
2019-11-05,1.7507095146179168,2.035713176727292,1.5682143974304168,1.7707137870788543,-0.0731735420227082,79897600
2019-11-06,1.60377233505249,1.7837726402282712,1.2537738609314033,1.7212726402282712,-0.12340051651001005,75864400
2019-11-07,2.0374976348876928,2.440001602172849,1.8799964141845678,2.2099982452392553,0.5387602996826146,94940400
2019-11-08,1.9669006919860834,2.4044006919860834,1.5069016075134272,2.329403743743896,0.6535767173767084,69986400
2019-11-11,1.814972019195558,2.857475376129152,1.8099747657775893,2.789978122711183,1.1008988380432072,81821200
2019-11-12,2.5487095260620123,2.8587147140502935,2.3912159347534185,2.651210441589356,0.9636761093139654,87388800
2019-11-13,2.3679013061523406,3.2803997802734344,2.352901916503903,3.202900390624997,1.4991879272460906,102734400
2019-11-14,2.9385375785827605,3.2210387992858855,2.526039104461667,2.6610412406921355,0.9691161918640105,89182800
2019-11-15,2.8305107688903774,3.3555122947692837,2.663015041351315,3.350515041351315,1.6384865379333462,100206400
2019-11-18,3.2686970520019543,3.6761982727050793,2.876202850341798,3.593701629638673,1.8730366516113293,86703200
2019-11-19,3.684561100006107,3.709562625885013,3.057066287994388,3.282064762115482,1.5666259193420444,76167200
2019-11-20,2.9864272689819344,3.121421775817872,1.7014236068725594,2.398925743103028,0.7034606552124032,106234400
2019-11-21,2.417500743865965,2.4975025749206523,1.7899983024597148,1.9975025749206523,0.3096211051940898,121395200
2019-11-22,2.042411727905275,2.1899108123779314,1.6049117279052751,1.8399123382568376,0.15353767395019702,65325200
2019-11-25,1.9817605209350617,2.914263267517093,1.9342599105834992,2.8967614364624055,1.180803794860843,84020400
2019-11-26,2.959088268280027,3.0140885734558083,1.8490876579284645,2.2965897941589333,0.594036998748777,105207600
2019-11-27,2.523984298706054,3.123990402221679,2.4564870452880854,3.088986740112304,1.3635762786865229,65235600
2019-11-29,2.686751689910892,3.036750164031986,2.5117486381530796,2.849250164031986,1.1276315116882358,46617600
2019-12-02,2.754572410583492,2.9995751571655234,1.7995782089233359,1.9770760726928671,0.27534725189208586,94487200
2019-12-03,0.4127995300293037,0.717799835205085,-0.09219772338866505,0.6978031921386787,-0.9735644531249932,114430400
2019-12-04,1.008701992034915,1.568699550628665,0.91119832992554,1.1761977195739775,-0.5099175453186007,67181600
2019-12-05,1.5855522918701155,2.1105538177490217,1.320552902221678,2.033046798706053,0.322200851440428,74424400
2019-12-06,2.396427917480466,3.2764251708984347,2.351422119140622,3.203923034667966,1.4600036621093722,106075600
2019-12-09,2.919275169372554,3.1192721176147415,1.6467760848998978,2.149278526306148,0.42978847503661655,128042400
2019-12-10,2.4599016952514603,2.8274020004272415,1.774896507263179,2.4299029159545853,0.7003649520873978,90420400
2019-12-11,2.3936870574951143,2.966189193725583,2.316187667846677,2.8836849212646456,1.1393993377685518,78756800
2019-12-12,2.0194248580932594,3.214424552917478,1.9044269943237282,2.939423027038572,1.1906971359252907,137310400
2019-12-13,2.8207980346679733,3.7807971191406295,2.6882983398437545,3.743298645019536,1.970784301757817,133587600
2019-12-16,4.078975162506097,5.026477298736566,4.0739779090881285,4.793971500396722,2.9911226844787535,128186000
2019-12-17,4.586489486694333,5.136484909057614,4.393984603881833,4.796488571166989,2.990084457397458,114158400
2019-12-18,4.514397106170648,5.039398632049554,4.3443989372253355,4.4993977165222105,2.697311840057367,116028400
2019-12-19,4.316937656402587,4.736935825347899,4.179440708160399,4.4469349098205555,2.6430484962463368,98369200
2019-12-20,4.87349039077759,4.978486118316653,3.9559870338439964,4.175988254547121,2.375840244293215,275978000
2019-12-23,4.330149841308597,5.260150146484378,4.290148925781253,5.197650146484378,3.368128967285159,98572000
2019-12-24,5.236988258361819,5.286991310119632,4.7944910049438505,5.1319849014282255,3.3007165908813505,48478800
2019-12-26,5.133089466094972,6.423090381622316,5.103090686798097,6.405588550567629,4.537989063262941,93121200
2019-12-27,6.550723896026611,7.263225421905517,5.800723896026611,6.220722064971923,4.3538473701477045,146266000
2019-12-30,5.985910472869875,6.793413219451907,4.925912914276125,6.500909862518313,4.622942028045657,144114400
2019-12-31,5.953598251342768,6.891098251342768,5.851097335815425,6.88359855651855,4.991913070678706,100805600
2020-01-02,7.389472618103028,8.479476585388184,7.12697566986084,8.416976585388184,6.482131614685059,135480400
2020-01-03,7.470573558807374,8.328071727752686,7.30807508468628,7.540573253631592,5.624519481658936,146322800
2020-01-06,6.483364715576172,8.025860443115235,6.223362579345704,7.985859527587891,6.054562225341797,118387200
2020-01-07,7.8596491622924844,8.124648551940922,7.2696528244018594,7.497153739929203,5.574912528991703,108872000
2020-01-08,7.040775985717772,8.860775680541991,7.040775985717772,8.548275680541991,6.595127792358397,132079200
2020-01-09,9.408772640228278,10.20627325057984,9.14877813339234,10.006276302337653,8.011639766693122,170108400
2020-01-10,10.100501613616942,10.61800344467163,9.513000087738035,10.032996730804442,8.033866481781004,140644800
2020-01-13,10.220541248321538,11.57803941726685,10.098036060333257,11.550535449981695,9.508688220977788,121532000
2020-01-14,11.33411563873291,11.551614418029786,10.201615943908692,10.32911075592041,8.31482852935791,161954400
2020-01-15,9.97058912277221,10.883087596893304,9.395584545135492,9.84308668136596,7.837433300018304,121923600
2020-01-16,10.241174201965336,10.768678169250492,9.866174201965336,10.65367267608643,8.622895698547367,108829200
2020-01-17,10.723422374725345,11.340922679901126,10.405925121307376,11.338427867889408,9.285189952850345,137816400
2020-01-21,10.791663246154783,11.24915988922119,10.494162635803221,10.636664466857908,8.597327308654783,110843200
2020-01-22,10.97085929870606,11.323360214233404,10.653362045288091,10.750865707397466,8.704250106811529,101832400
2020-01-23,10.634041023254397,11.044037055969241,10.066536140441897,10.961540412902835,8.905075263977054,104472000
2020-01-24,11.037700176239014,11.80769681930542,10.355197429656982,10.552699565887451,8.50215482711792,146537600
2020-01-27,8.31163707733154,8.73913494110107,7.016638908386227,8.034140739440915,6.043883476257321,161940000
2020-01-28,8.764101696014407,10.214098644256595,8.661600780487063,10.036600780487063,7.990046215057376,162234000
2020-01-29,11.550940723419188,12.400939197540282,10.7834388923645,11.523436756134032,9.434020252227782,216229200
2020-01-30,10.391452312469482,11.27894926071167,9.943950176239014,11.223948955535889,9.13759183883667,126743200
2020-01-31,10.297360839843748,10.734860839843748,7.137364807128904,7.442365112304685,5.4485067749023415,199588400
2020-02-03,5.9574971199035645,8.254997730255127,5.437500476837158,7.047501087188721,5.059113025665283,173788400
2020-02-04,8.524824562072752,9.60732883453369,8.10482639312744,9.40982669830322,7.355787696838377,136616400
2020-02-05,10.414772415161138,10.72477760314942,9.272278213500982,9.897278213500982,7.826500320434576,118826800
2020-02-06,10.003914489746094,10.666412963867188,9.426415100097657,10.663910522460938,8.568916931152344,105425600
2020-02-07,9.77134895324707,10.028848648071289,8.678850173950195,9.186349868774414,7.309717178344727,117684000
2020-02-10,7.5435858535766585,9.386084632873533,7.461089210510252,9.386084632873533,7.5005255508422835,109348800
2020-02-11,9.719326725006098,9.794323673248286,8.496823062896723,8.721821537017817,6.847645511627192,94323200
2020-02-12,8.997975502014157,10.435475502014157,8.997975502014157,10.430478248596188,8.51179233551025,113730400
2020-02-13,9.488313312530522,9.99581300735474,9.278314228057866,9.658311481475835,7.753289813995366,94747600
2020-02-14,9.42126026153565,9.731265449523931,8.948764228820806,9.473765754699713,7.568248176574713,80113600
2020-02-18,6.87089653015137,7.968400192260745,6.68339653015137,7.780900192260745,5.9103099822998075,152531200
2020-02-19,7.823400192260749,8.965902023315437,7.823400192260749,8.728398971557624,6.830716781616218,93984000
2020-02-20,8.279801406860358,8.784798660278327,7.174798049926764,7.69729713439942,5.819077529907233,100566000
2020-02-21,7.066873950958254,7.524378223419191,5.036875171661379,5.674372119903566,3.8386635017395037,129554000
2020-02-24,1.5117776298522898,3.2417733573913523,-0.49572206497192894,1.7417733573913523,-0.006746540069585194,222195200
2020-02-25,2.2316282463073662,2.6266248893737725,-1.4733735847473213,-0.98587816238404,-2.675178699493415,230673600
2020-02-26,-1.574275112152094,1.2632264137268123,-1.5817748069763127,-0.044276332855218925,-1.7603560447692814,198054800
2020-02-27,-3.1498607635498104,-1.9248622894287166,-5.184864425659185,-5.044865036010748,-6.648777389526373,320605600
2020-02-28,-9.31883483886719,-4.031336364746096,-9.541338500976565,-5.293840942382815,-6.896807250976565,426510000
2020-03-02,-3.2664375877380394,1.5235633277893044,-4.406436977386477,0.8660621070861794,-0.8861580467224144,341397200
2020-03-03,1.9006660652160576,1.9831627082824639,-2.5668403434753486,-1.6868354606628486,-3.3833991813659736,319475600
2020-03-04,-0.08941167831420671,1.6505861854553245,-0.9169110679626442,1.4855852699279808,-0.28966039657592546,219178400
2020-03-05,-0.5096775245666549,0.4978221702575638,-1.53717386245728,-1.15967142105103,-2.8773380470275924,187572800
2020-03-06,-4.068324794769282,-1.8633229637145945,-4.260822048187251,-2.3108250999450632,-4.005695095062251,226176800
2020-03-09,-8.810762290954585,-5.225763206481929,-8.998262290954585,-8.205758934020992,-9.766565208435054,286744800
2020-03-10,-5.649371147155762,-3.324374198913574,-7.591876029968262,-3.5993757247924805,-5.2725934982299805,285290000
2020-03-11,-5.824021148681638,-4.8665245056152315,-7.206528472900388,-6.3140266418457,-7.9291465759277315,255598800
2020-03-12,-11.438249206542963,-7.923249816894526,-13.423249816894526,-13.36575088500976,-14.821363067626947,418474000
2020-03-13,-9.454971160888675,-5.6974714660644565,-12.439975585937503,-6.184974517822269,-7.814971771240238,370732000
2020-03-16,-15.444775581359863,-11.162278175354004,-15.93227481842041,-15.379773139953613,-16.80007648468017,322423600
2020-03-17,-14.32365118026734,-11.798653469085693,-16.60115133285523,-12.986149654388427,-14.468911037445068,324056000
2020-03-18,-16.51426124572754,-13.956762313842773,-17.17676353454589,-14.789262771606445,-16.2357234954834,300233600
2020-03-19,-14.86892498016357,-13.506425743103023,-16.06392467498779,-15.52142513275146,-16.956811790466304,271857200
2020-03-20,-15.163826656341556,-14.001324367523196,-19.958824825286868,-19.648823451995852,-20.99308080673218,401693200
2020-03-23,-20.195649375915522,-20.090649833679194,-24.063149681091303,-21.123151054382312,-22.438847770690913,336752800
2020-03-24,-18.389387187957766,-15.556886730194094,-18.904386577606203,-15.759386119842532,-17.207086620330806,287531200
2020-03-25,-15.062312355041499,-13.187312355041499,-16.674811592102046,-16.369811286926264,-17.809531440734858,303602000
2020-03-26,-16.38877378463745,-13.348776683807372,-16.428774700164794,-13.408774242401122,-14.924246654510497,252087200
2020-03-27,-15.098137359619145,-14.318138580322262,-16.52313659667969,-16.35063598632813,-17.803364257812504,204216800
2020-03-30,-15.859398460388178,-14.66439876556396,-16.194401359558107,-14.841900444030756,-16.33609066009521,167976400
2020-03-31,-14.913898315429691,-13.191402282714847,-15.813899841308597,-15.241401519775394,-16.73254760742188,197002000
2020-04-01,-17.489337348937994,-16.934337043762213,-19.33183612823487,-18.88683643341065,-20.299518013000494,176218400
2020-04-02,-19.337075767517092,-18.13457637786866,-20.19707637786866,-18.189576683044436,-19.625836906433108,165934000
2020-04-03,-19.02191158294677,-18.296913108825677,-19.979412040710443,-19.36941143035888,-20.785022697448724,129880000
2020-04-06,-17.304351348876956,-14.251853485107418,-17.684348602294918,-14.411849517822262,-15.950950164794918,201820400
2020-04-07,-12.62665287017822,-12.401646766662594,-15.576649818420407,-15.469151649475094,-16.990426216125485,202887200
2020-04-08,-14.938239784240722,-13.780738563537597,-15.31573459625244,-14.105735511779784,-15.665969581604003,168895200
2020-04-09,-13.762846755981442,-13.420347976684567,-14.762846755981442,-13.940352249145505,-15.511839675903317,161834800
2020-04-13,-14.202950363159175,-12.8554467010498,-14.822953109741206,-12.967949752807613,-14.570282821655269,131022800
2020-04-14,-11.605249710083001,-9.542749710083001,-12.092752761840813,-9.842752761840813,-11.526010818481438,194994800
2020-04-15,-11.275776214599603,-10.29327804565429,-11.718273468017571,-10.768276519775384,-12.436168975830071,131154400
2020-04-16,-10.302710952758787,-10.0977091217041,-11.560210647583006,-10.47521156311035,-12.156348648071287,157125200
2020-04-17,-11.21032405853272,-10.64532161712647,-13.167828330993657,-11.682827720642095,-13.341137657165532,215250000
2020-04-20,-13.154409103393562,-12.221913986206062,-13.429410629272468,-13.409413986206062,-15.033338241577155,130015200
2020-04-21,-13.812137451171878,-13.569637145996097,-16.524638977050785,-15.789638366699222,-17.363338317871097,180991600
2020-04-22,-14.706678314208986,-13.634176177978517,-15.059171600341799,-14.084173126220705,-15.703206939697267,116862400
2020-04-23,-14.38811336517334,-12.918112144470214,-14.63811336517334,-14.598112449645996,-16.21087490081787,124814400
2020-04-24,-14.29850910186768,-12.846009712219242,-14.348512153625492,-12.856011848449711,-14.515328865051274,126161200
2020-04-27,-13.375102691650397,-12.690097503662116,-13.837596588134772,-13.032596282958991,-14.693088226318366,117087600
2020-04-28,-12.776602973937983,-12.589102973937983,-14.496596565246577,-14.401602973937983,-16.03518604278564,112004800
2020-04-29,-13.07398433685303,-11.838983726501468,-13.283983421325686,-12.32398433685303,-14.011217308044436,137280800
2020-04-30,-11.989714241027826,-10.847212409973139,-12.392210578918451,-11.02971515655517,-12.752546882629389,183064000
2020-05-01,-13.144287109375,-9.956787109375,-13.244285583496094,-12.439285278320312,-14.134384155273438,240616800
2020-05-04,-12.611496276855462,-11.481499023437493,-13.323997802734368,-11.613998718261712,-13.333084411621087,133568000
2020-05-05,-11.346450233459478,-9.861449623107916,-11.496451759338385,-10.721450233459478,-12.466323280334478,147751200
2020-05-06,-10.222251739501957,-9.527252044677738,-10.619750823974613,-10.179748382568363,-11.942642059326175,142333600
2020-05-07,-9.768586807250983,-9.28108375549317,-10.081086807250983,-9.638589553833015,-11.419709854125983,115215200
2020-05-08,-9.394708442687985,-8.217210578918454,-9.732209968566892,-8.272210884094235,-9.885843086242673,133838400
2020-05-11,-9.014823074340825,-6.777327651977544,-9.229827041625981,-7.287322158813481,-8.926329727172856,145946400
2020-05-12,-6.816452980041504,-6.351449012756348,-8.546448707580566,-8.421448707580566,-10.041741371154785,162301200
2020-05-13,-8.451038627624513,-7.501034049987794,-10.686039237976075,-9.576038627624513,-11.176769523620607,200622400
2020-05-14,-10.593859672546387,-9.273859977722168,-11.338862419128418,-9.336359977722168,-10.946932792663574,158929200
2020-05-15,-11.849635620117184,-9.962138671874996,-11.884639282226559,-10.009639282226559,-11.610682983398434,166348400
2020-05-18,-8.870733795166018,-8.038237152099612,-9.583235321044924,-8.42323928833008,-10.061995086669924,135178400
2020-05-19,-8.625587463378906,-7.753089904785156,-9.130584716796875,-9.09808349609375,-10.727371215820312,101729600
2020-05-20,-8.442601509094231,-7.732602424621575,-8.482602424621575,-7.805096931457513,-9.466069526672356,111504800
2020-05-21,-8.20721126556397,-7.649708518981939,-8.904713401794439,-8.659710655212407,-10.308300743103032,102688800
2020-05-22,-9.17296493530273,-8.307959442138667,-9.277960662841792,-8.392958526611324,-10.052168731689449,81803200
2020-05-26,-7.482012214660642,-7.297014656066892,-9.232012214660642,-9.174509468078611,-10.822473945617674,125522000
2020-05-27,-9.55849605560303,-8.916001853942873,-10.321000633239748,-9.06600337982178,-10.72116237640381,112945200
2020-05-28,-9.62066493988037,-7.953161582946777,-9.905660972595214,-9.25066219329834,-10.90654598236084,133560800
2020-05-29,-9.208774719238278,-8.733776245117184,-9.903774414062497,-9.536274108886715,-11.19054046630859,153532400
2020-06-01,-9.79657474517822,-8.646573219299313,-9.931576881408688,-8.771573219299313,-10.446187171936032,80791200
2020-06-02,-9.257937240600583,-8.58543663024902,-9.71293907165527,-8.610438156127927,-10.292795944213864,87642800
2020-06-03,-8.480198822021478,-8.09519668579101,-9.070202789306634,-8.365200958251947,-10.056820831298822,104491200
2020-06-04,-8.735858573913575,-8.428363456726075,-9.638362541198731,-9.253360404968262,-10.930415763854981,87560400
2020-06-05,-9.183198242187501,-7.083199768066407,-9.213197021484376,-7.145699768066407,-8.870530395507814,137250400
2020-06-08,-7.644999771118165,-6.807498245239259,-8.377497940063478,-6.842501907348634,-8.57752540588379,95654400
2020-06-09,-7.337646102905268,-3.9701534271240178,-7.370147323608393,-4.375152206420893,-6.164962387084955,147712400
2020-06-10,-3.5850762939453062,-1.8675775146484312,-4.037575683593744,-2.3500756835937437,-4.185936889648431,166651600
2020-06-11,-3.382825393676754,-2.945325393676754,-6.84032203674316,-6.735326309204098,-8.483045120239254,201662400
2020-06-12,-4.675761947631841,-3.905765304565435,-7.300761947631841,-6.155765304565435,-7.918559799194341,200146000
2020-06-15,-7.699749755859372,-4.59225158691406,-7.867253112792966,-5.264752197265622,-7.049351501464841,138808800
2020-06-16,-3.324876861572264,-2.8898716735839827,-5.009874420166014,-3.169878082275389,-5.001787261962889,165428800
2020-06-17,-2.598488731384279,-2.535988731384279,-3.6134881210327165,-3.4884881210327165,-5.317818565368654,114406400
2020-06-18,-3.7290488052368147,-3.219046669006346,-4.276549415588377,-3.649046974182127,-5.479117469787596,96820400
2020-06-19,-3.116958541870119,-2.6369628143310564,-5.4894637298584,-4.346961898803713,-6.166580123901369,264476000
2020-06-22,-4.124700622558592,-2.094701843261717,-4.1722012329101545,-2.2422009277343733,-4.1094265747070295,135445200
2020-06-23,-1.1517247009277298,0.9432765197753952,-1.5842274475097753,-0.5192250061035111,-2.4263066101074173,212155600
2020-06-24,-1.0929372024536121,-0.14543506622312918,-2.7129399490356434,-2.3279378128051746,-4.201358528137206,192623200
2020-06-25,-2.3773466491699367,-1.302349700927735,-3.1598478698730474,-1.3423506164550787,-3.2406278991699224,137522400
2020-06-26,-1.665523796081544,-1.4380228805542146,-4.513027458190919,-4.360523490905763,-6.200489311218263,205256800
2020-06-29,-4.653912200927735,-2.423908843994141,-5.146412506103516,-2.521412506103516,-4.403774871826172,130646000
2020-06-30,-3.1347530364990206,-1.6597469329833814,-3.154749679565427,-1.9547527313232251,-3.852839279174802,140223200
2020-07-01,-2.0614384078979526,-1.5014408493042026,-2.363936271667484,-2.3139408493042026,-4.208441581726078,110737200
2020-07-02,-1.5655981445312506,-0.9105993652343756,-2.618096008300782,-2.500603332519532,-4.395104064941407,114041600
2020-07-06,-1.1954121780395468,0.24958751678467195,-1.2279133987426718,-0.23291065216064055,-2.1780934524536093,118655600
2020-07-07,-0.019248771667477627,0.7832490921020536,-0.8142469406127759,-0.6992490768432589,-2.6383893966674776,112424400
2020-07-08,0.13710063934325945,1.3321003341674782,0.047096672058103195,1.2995991134643532,-0.6847072219848656,117092000
2020-07-09,2.0427347946167203,2.097735099792473,0.45273845672608104,1.5327402877807543,-0.46010334014891896,125642800
2020-07-10,0.9261744308471691,1.5711787033081066,0.29617717742918614,1.5111735153198396,-0.4851567459106434,90257200
2020-07-13,2.6413247299194325,5.331327171325668,0.6338250350952137,0.8538262557983387,-1.1332800674438488,191649200
2020-07-14,0.005446662902826915,2.4204475784301565,-0.9570472335815623,2.2229530715942474,0.20296405792235817,170989200
2020-07-15,3.9411231613159003,4.1986228561401475,1.4411231613159003,2.676123771667477,0.6422263717651475,153198000
2020-07-16,1.2936877822875914,2.1361865615844664,0.6361865615844664,1.2536868667602477,-0.7551861190796103,110577600
2020-07-17,1.4726658248901288,1.6326618576049867,0.32515911102295547,0.812662162780768,-1.1921443557739053,92186800
2020-07-20,0.6408661270141636,2.72336277008057,0.2858627700805698,2.5808609390258965,0.5338180923461948,90318000
2020-07-21,3.1527758789062545,3.230275268554692,0.7227755737304733,0.980275268554692,-1.0385083007812455,103433200
2020-07-22,0.3984725189208831,1.6809737396240223,0.3084761810302723,0.9784743499755848,-1.045993118286134,89001600
2020-07-23,0.43312278747559674,0.51312461853027,-4.5543726348876845,-3.7193735504150425,-5.651693191528324,197004400
2020-07-24,-5.812259216308604,-3.8297610473632773,-7.654765624999996,-4.184764404296885,-6.1123004150390585,185438800
2020-07-27,-3.3675131607055704,-2.1725134658813516,-3.597508888244633,-2.2675146865844624,-4.240727882385272,121214000
2020-07-28,-2.9706369400024357,-2.7881341934204187,-4.090639686584453,-4.085634803771981,-6.026445960998544,103625600
2020-07-29,-3.86548721313477,-2.3854838562011764,-3.902985687255864,-2.5754862976074264,-4.553490753173833,90329200
2020-07-30,-3.699999732971193,-1.5899991226196306,-4.11999790191652,-1.6974972915649573,-3.6994275283813494,158130000
2020-07-31,4.689064941406258,8.219063720703119,2.6290597534179767,8.064064941406258,5.852562866210931,374336800
2020-08-03,9.701334724426289,13.138834724426289,9.39383960723876,10.438837776184087,8.171580085754414,308151200
2020-08-04,10.323324928283697,11.980826148986822,9.57832218170168,10.855826148986822,8.57343936920168,173071600
2020-08-05,10.218765163421622,11.23376455307006,9.738761806488043,10.903762722015387,8.613105678558341,121776800
2020-08-06,10.910273990631097,14.917773685455316,10.302775821685785,14.407771549224847,12.037181339263896,202428800
2020-08-07,13.338689575195303,13.808690795898428,10.426191101074224,11.246190795898428,9.129850158691411,198045600
2020-08-10,12.381161212921143,13.556164264678955,9.781162738800049,12.508663654327393,10.36155366897583,212403600
2020-08-11,11.39605144500733,11.908548393249532,8.533548393249532,8.801050224304205,6.7177982711792055,187902400
2020-08-12,9.582472763061531,12.359976730346673,9.38247581481933,12.09497734069825,9.942503890991205,165598000
2020-08-13,13.146475543975825,14.758978595733637,12.64397310256956,13.726477375030527,11.535902729034419,210082000
2020-08-14,13.193939571380596,13.363937740325923,11.40893590927125,13.271438961029048,11.082817440032969,165565200
2020-08-17,14.080437755584711,14.105439281463617,11.980439281463617,12.625435924530038,10.442505931854228,119561600
2020-08-18,12.017088661193853,13.664587745666509,11.672087440490728,13.227087745666509,11.02598453521729,105633600
2020-08-19,13.325235939025887,14.505236244201654,12.952738380432123,13.050234413146967,10.846376991271967,145538000
2020-08-20,12.758412761688234,15.400914592742907,12.74091093063356,15.28341428756714,13.030652446746828,126907200
2020-08-21,15.934972209930436,21.539975566864015,15.922475261688234,21.04247800827028,18.673627300262453,338054800
2020-08-24,25.043282241821288,25.130791397094725,20.28328773498535,22.203285903930677,19.806076736450194,345937600
2020-08-25,20.708727378845225,21.191225547790523,19.06372310638426,20.836222190856944,18.458696861267086,211495600
2020-08-26,21.858238029479978,22.670738029479978,20.760734367370603,22.200736808776853,19.790893363952634,163022400
2020-08-27,22.462352066040026,22.804850845336915,19.15234687805176,20.329852371215836,17.94881752014159,155552400
2020-08-28,20.976084709167495,21.406085014343248,19.54108715057373,19.77109050750734,17.393900871276855,187630000
2020-08-31,22.172527046203598,25.592525215148925,20.592525215148925,23.632518501281737,21.17471668243408,225702700
2020-09-01,26.970507240295404,29.01051578521728,24.740511512756342,28.390505409240717,25.834780311584467,151948100
2020-09-02,31.41969654083252,31.809695930480956,20.829700202941893,25.22969409942627,22.72694751739502,200119000
2020-09-03,20.3709663772583,22.30095905303955,13.960962715148924,14.340959968566878,12.038568916320799,257599600
2020-09-04,13.204324913024905,16.834322166442888,4.024324607849124,14.094324302673343,11.79041500091553,332607200
2020-09-08,6.780059623718273,11.820060539245588,5.510062980651853,5.65006237030029,3.5011976242065543,231366600
2020-09-09,9.777727317810076,11.65772457122803,7.777727317810076,9.837724876403811,7.603151512145999,176940500
2020-09-10,12.556275749206549,12.696275138854986,4.696275138854986,5.686273002624503,3.524636650085469,182274400
2020-09-11,6.442737312316893,7.102740974426268,1.8727376174926746,3.8727376174926746,1.7394826126098764,180860300
2020-09-14,6.241251335144042,7.451250419616699,4.321253166198716,6.88125072479248,4.684015617370591,140150100
2020-09-15,9.512576980590808,10.012576980590808,4.792575759887697,6.722576065063478,4.5219001007080095,184642000
2020-09-16,6.071815986633297,6.841812629699703,2.881813545227047,2.9718098831176576,0.8360829544067485,154679000
2020-09-17,0.2354763793945267,2.7154721069336034,-0.774525756835942,0.8554714965820267,-1.2461596679687545,178011000
2020-09-18,0.592489204406732,1.0724849319457803,-3.717515983581549,-2.967515983581549,-5.002481498718268,287104900
2020-09-21,-5.594936447143553,0.05506507873533906,-7.034938888549803,-0.05493553161622344,-2.1516152191162234,195713800
2020-09-22,2.2278754806518606,2.407875785827642,-1.2921211624145457,1.3578727340698435,-0.7717735671997019,183055400
2020-09-23,0.8691778945922977,1.3591757583618147,-3.9808282089233415,-3.6308221054077023,-5.671112937927248,150718700
2020-09-24,-5.873689155578603,-0.7936873245239298,-6.04368732452393,-2.8236861038208048,-4.884934883117694,167743300
2020-09-25,-2.895787048339841,1.1142150878906136,-3.6557891845702954,0.9542114257812528,-1.1843536376952954,149981400
2020-09-28,3.4068148040771575,3.7168123626708933,1.1768114471435496,3.356811752319331,1.167183151245112,137672400
2020-09-29,2.692603225707998,3.452597732543964,1.7125998687744186,2.232596511840825,0.05953132629396407,99382200
2020-09-30,1.6829760742187432,5.152977294921882,1.512977905273445,3.7029727172851636,1.4971621704101636,142675200
2020-10-01,5.293887062072756,5.373888893127443,3.4838895034789914,4.443888587951662,2.219401283264162,116120400
2020-10-02,0.33269958496093466,2.8127029418945426,-0.33729858398437784,0.4626968383789034,-1.689967346191409,144712000
2020-10-05,1.1356663513183634,3.8756642150878946,0.7756657409667866,3.7256626892089884,1.5066990661621134,106243800
2020-10-06,2.6712721252441582,3.091277923584002,-0.7787248229980435,0.13127883911133154,-2.0240632629394497,161498200
2020-10-07,1.3526029205322345,2.2826032257079873,0.8625974273681436,1.8126020050048623,-0.3793154144287172,96849000
2020-10-08,2.756937675476081,2.9069392013549873,1.096934013366706,1.476938896179206,-0.7128728103637627,83477200
2020-10-09,1.5799864578247025,3.2999876785278275,1.2199858474731542,3.2699888992309525,1.0420759963989212,100506900
2020-10-12,6.144310264587418,11.264313011169435,5.3643114852905285,10.48431423187256,8.114898948669435,240226800
2020-10-13,11.171546859741213,11.291549606323244,5.551551742553713,7.0015486907959,4.69496910095215,262330500
2020-10-14,6.692162742614741,8.722161521911616,5.312165489196786,6.882165184020977,4.573876609802241,150712000
2020-10-15,4.21087646484375,6.690872192382827,3.6408767700195312,6.200874328613281,3.9017333984375,112559200
2020-10-16,6.556986541748046,6.826990814208969,4.086985321044935,4.296984405517577,2.0300395202636707,115393800
2020-10-19,5.029474334716795,5.489473419189466,0.7294789123535139,1.0494786071777327,-1.1595668029785173,120639300
2020-10-20,1.047334709167501,3.827341117858893,0.47733501434325376,2.357339897155782,0.11912731170653501,124423700
2020-10-21,1.286910934448258,3.3269118499755876,1.066909713745133,1.4869155120849769,-0.7390824127197249,89946000
2020-10-22,1.8454222106933713,2.4354261779785134,-1.0145783996582054,0.1454252624511696,-2.059240875244157,101988000
2020-10-23,0.5869496536254815,0.7469533157348422,-1.523050956726081,-0.7630488204956123,-2.954203300476081,82572600
2020-10-26,-1.9865975952148318,0.5534033203124835,-3.1166024780273602,-0.9465966796875165,-3.137934265136721,111850700
2020-10-27,-0.7206518554687591,1.0693490600585989,-1.6706488037109324,0.3893487548828176,-1.8315069580077932,92276800
2020-10-28,-1.358971672058118,-0.978974418640135,-5.3089762496948225,-5.2089777755737146,-7.326996879577635,143937800
2020-10-29,-4.222596969604481,0.3374005889892544,-4.392602767944325,-1.272600021362308,-3.4690798187255893,146129200
2020-10-30,-5.70556465148924,-4.775564346313487,-9.04556098937988,-7.905561599731442,-9.97900215148924,190272600
2020-11-02,-7.820561599731448,-6.250561904907229,-9.610562515258792,-8.160565567016604,-10.232289505004886,122866900
2020-11-03,-7.457633552551272,-5.62763935089113,-8.387633857727053,-6.677634773254411,-8.78117328643799,107624400
2020-11-04,-3.1536378479003844,-1.7036408996581969,-4.943638763427728,-2.34364028930662,-4.533078155517586,138235500
2020-11-05,0.4743471908569461,2.14435298919679,-0.6056470108032102,1.5543490219116194,-0.7127942276000994,126387100
2020-11-06,0.6694499206543014,1.5494471740722844,-1.5205525207519628,1.0394526672363185,-1.0203465270995906,114457900
2020-11-09,2.659437713623049,4.149435577392566,-1.7905592346191526,-1.520562591552732,-3.539246978759749,154515300
2020-11-10,-2.481946716308613,-0.44195343017578637,-3.901952514648457,-2.0619485473632864,-4.074544677734366,138023400
2020-11-11,-1.0442973327636906,1.3956974792480281,-1.7942973327636906,1.2556980895995906,-0.8179866027832077,112295000
2020-11-12,1.1824904632568547,2.0924864959716842,0.13248741149902798,0.7724868011474655,-1.296337966918955,103162300
2020-11-13,0.7956526565551627,1.0256483840942536,-0.7743470382690276,0.6156523513794099,-1.4540497970581185,81581900
2020-11-16,0.06952335357667039,2.1395230484008607,-0.7004732894897501,1.449528236389142,-0.6382098007202188,91183000
2020-11-17,0.4834282684326041,1.6034233856201325,-0.10657569885253793,0.3234246063232433,-1.74852058410643,74271000
2020-11-18,-0.6746866607665964,0.5353124237060598,-1.284687271118159,-1.254688491821284,-3.3030512237548777,76322100
2020-11-19,-1.9149659347534111,-0.44496471405027194,-2.694964714050272,-0.8649628829955986,-2.923907585144036,74113000
2020-11-20,-1.0797629165649454,-0.9497656631469766,-2.429761390686039,-2.379765968322758,-4.416142921447758,73604300
2020-11-23,-2.7588245010375942,-2.31882205963133,-6.1888248062133755,-6.088826332092282,-8.064633522033702,127959300
2020-11-24,-6.239233665466315,-4.299238853454597,-7.559240989685065,-4.979239158630364,-6.977949790954597,113874200
2020-11-25,-4.799421768188495,-3.599424819946293,-5.179426651000966,-4.319426040649418,-6.33307502746581,76499200
2020-11-27,-3.973262634277347,-3.053264465332049,-4.323261108398441,-3.953265991210941,-5.976627197265628,46691300
2020-11-30,-3.7681486511230418,0.23185134887695824,-3.9281523132324025,-1.6881468200683685,-3.75418685913084,169410200
2020-12-01,0.07701477050783012,2.537013854980472,-0.9229852294921699,1.7870138549804722,-0.34273162841797955,127728200
2020-12-02,0.8946592712402293,2.2446653747558685,-0.2353379821777395,1.9546644592284963,-0.181337127685552,89004200
2020-12-03,2.2041467666626033,2.464148902893072,0.8941492080688533,1.6241525650024329,-0.5093999862670842,78967600
2020-12-04,1.1020361328125006,1.3620382690429693,0.02203430175781307,0.7520376586914068,-1.3695443725585932,78260400
2020-12-07,0.6433601760864462,2.903362312316901,0.583362617492682,2.083362617492682,-0.06425853729247422,86712000
2020-12-08,2.523277893066421,3.1332785034179693,1.2432714843750006,2.53327239990233,0.37472595214843807,82225500
2020-12-09,2.5256614303588805,3.945659599304207,-1.0043373489379945,-0.22433856964111953,-2.3377647781372133,115089200
2020-12-10,-1.6530498886108376,1.716952857971208,-2.0030483627319313,1.0869479751586795,-1.0518154525756813,81312200
2020-12-11,0.11325038909912166,0.4432522201538234,-1.7667468643188613,0.09325374603271541,-2.0310977554321425,86939800
2020-12-14,0.11856101989745582,0.8685610198974558,-0.9414365386962942,-0.7014386749267629,-2.8148648834228567,79184500
2020-12-15,1.688533897399907,5.248539085388188,1.4785348129272364,5.228534812927236,3.0092354965210006,157243700
2020-12-16,4.592066192626959,5.552057647705084,3.742060089111348,4.992060089111348,2.7739891052246293,98208600
2020-12-17,5.942256431579594,6.622264366149906,5.082255821228031,5.742259483337406,3.5087466049194376,94359800
2020-12-18,5.843681755065916,5.983681144714353,3.0036777877807737,3.543678703308103,1.3455585861206032,192541500
2020-12-21,1.7416217041015614,5.031622619628905,0.17162200927735682,4.951620788574218,2.7262484741210926,121251600
2020-12-22,8.18122570037842,10.981228752136232,6.221218986511232,8.451229972839357,6.162503166198732,168904800
2020-12-23,8.638278770446775,8.90826778411865,7.2582738876342745,7.438281822204587,5.165546226501462,88223700
2020-12-24,7.719519920349114,9.859519309997552,7.499518699645989,8.36951381683349,6.079261131286614,54930100
2020-12-28,10.3012931060791,13.651283950805663,9.821282119750975,13.001290054321288,10.629128189086913,124486200
2020-12-29,14.284453163146978,15.024443397521978,10.57444644927979,11.104445228576665,8.763884315490728,121047300
2020-12-30,11.748464431762699,12.158468093872074,9.568456497192386,9.888463821411136,7.567846145629886,96452100
2020-12-31,10.169526939392085,10.82953060150146,7.809526329040523,8.779527549743648,6.476777915954585,99116600
2021-01-04,9.538916893005364,9.62891323089599,2.7789147567749097,5.428916282653802,3.1830514144897535,143301900
2021-01-05,4.82938701629638,7.679393119812005,4.369380302429192,6.94938213348388,4.675776786804192,97664900
2021-01-06,3.6013888549804705,6.931390686035158,2.2613848876953,2.481386108398439,0.28431121826172046,155088000
2021-01-07,4.195038261413572,7.4650425338745094,3.695038261413572,6.755035820007322,4.4829868698120094,109578200
2021-01-08,8.214267845153813,8.414280052185063,6.014270896911626,7.834278221130376,5.542621726989751,105158200
2021-01-11,4.929615097045897,5.909610824584959,4.239612655639647,4.719608383178709,2.4812126922607405,100384500
2021-01-12,4.187975158691401,5.377977600097651,2.5479757690429636,4.487978210449214,2.252718200683603,91951100
2021-01-13,4.397007141113278,7.087009582519528,4.127018127441403,6.527012023925778,4.255497131347653,88636800
2021-01-14,6.394690704345706,6.5946876525878935,4.354682159423831,4.5046913146972685,2.2675392150878935,90221800
2021-01-15,4.360886459350581,5.800888900756831,2.5808876800537064,2.720887069702144,0.5144432830810501,111598500
2021-01-19,3.359623947143561,4.289631881713873,2.5196276092529217,3.4096269989013592,1.191197433471686,90757300
2021-01-20,4.227003822326665,8.057005653381353,4.117003211975103,7.596998939514165,5.30570865631104,104319500
2021-01-21,9.347215728759764,15.217210845947264,9.137209014892576,12.417207794189451,10.041902618408201,120150900
2021-01-22,11.80406147003174,15.37406879425049,10.544066963195803,14.594070014953616,12.180572090148928,114459400
2021-01-25,18.567357559204098,20.587346572875973,12.03734352111816,18.41734840393066,15.937047500610348,157611700
2021-01-26,19.08360633850097,19.78360328674316,16.853595352172846,18.64360389709472,16.159137344360346,98390600
2021-01-27,18.932192840576178,19.80220321655274,15.912203826904303,17.562197723388678,15.096835174560553,140843800
2021-01-28,15.017704391479498,17.487705612182623,12.197697067260748,12.587696456909185,10.208546066284185,142621100
2021-01-29,11.262201957702644,12.172205619812019,5.6422068405151435,7.3922068405151435,5.102122001647956,177523800
2021-02-01,9.118500137329107,10.748505020141607,6.298492813110357,9.508499526977545,7.180572891235357,106239800
2021-02-02,10.995545845031742,11.57554767608643,9.875550727844242,10.255555610656742,7.912858467102055,83305400
2021-02-03,10.946594619750982,10.956604385375982,8.796600723266607,9.126602554321295,6.802154922485357,89880900
2021-02-04,11.380153160095219,12.480144004821781,9.670146446228031,12.470149497985844,10.085826377868656,84183100
2021-02-05,12.308506202697757,12.378498268127444,10.818500709533694,11.71849460601807,9.545932960510257,75693800
2021-02-08,10.88049884796142,11.810506782531732,9.770498237609857,11.76050373077392,9.585531196594232,71297200
2021-02-09,11.36184516906738,12.62185493469238,10.591856155395504,10.751844558715817,8.591200027465817,76774200
2021-02-10,11.082695732116704,11.592705497741704,9.002693901062017,9.99269939422608,7.841881523132329,73046600
2021-02-11,10.344293861389161,10.834299354553224,8.214304237365724,9.574304847717286,7.427606849670411,64280000
2021-02-12,8.605656013488769,9.785648689270019,7.945652351379394,9.625645027160644,7.475162849426269,60145100
2021-02-16,9.579855384826658,10.099844398498533,6.879843177795408,7.279852333068845,5.16397708892822,80576300
2021-02-17,5.173349876403805,6.14335109710693,3.3933510971069296,4.76334621429443,2.684809226989742,97918500
2021-02-18,2.936446838378913,3.7364498901367256,1.1464535522461006,3.446456604003913,1.3858715820312426,96856700
2021-02-19,3.7893553924560592,4.259356613159184,2.3493529510498092,3.4193450164794967,1.3562422943115138,87668800
2021-02-22,1.3749944305419888,3.0850011444091763,-1.035001602172855,-0.6350000762939487,-2.636648025512713,103916400
2021-02-23,-3.042597923278791,-0.09260097503661768,-8.412600669860836,-0.9425994491577114,-2.9420196151733364,158273000
2021-02-24,-2.0240976333618335,-1.404102516174305,-4.7340967178344755,-1.6141016006469755,-3.605419349670413,111039900
2021-02-25,-2.4172997665405234,-0.6373009872436484,-6.557299156188961,-6.107302207946788,-8.029367942810069,148199500
2021-02-26,-4.6541036987304665,-2.3941015624999977,-6.04410308837889,-5.9840979003906085,-7.910458984374998,164560400
2021-03-01,-3.656000022888179,0.5240002822876022,-4.615999107360835,0.3840008926391647,-1.646081809997554,116307900
2021-03-02,0.8525036239624058,1.1625011825561558,-2.5474979019164863,-2.437497291564924,-4.4251529312133755,102260900
2021-03-03,-2.9245024490356286,-2.0245009231567366,-5.894503669738768,-5.674502449035629,-7.613551216125487,112966300
2021-03-04,-6.154050025939938,-4.304051551818844,-9.284047279357893,-7.7740527725219835,-9.682446632385265,178155000
2021-03-05,-7.083046684265128,-6.123047599792486,-10.493050346374503,-6.643051872253395,-8.571930656433096,153766600
2021-03-08,-7.27309970855714,-7.2031000137329215,-11.993100929260265,-11.843099403381359,-13.691617774963404,154376600
2021-03-09,-9.279301223754885,-6.249302444457996,-9.519299087524416,-7.219303665161135,-9.142948684692385,129525800
2021-03-10,-6.7430975723266755,-6.263101844787585,-8.98310306549071,-8.453096656799318,-10.359110145568849,111943300
2021-03-11,-6.014749107360842,-5.34475093841553,-7.294747886657703,-6.59475093841553,-8.53222805023195,103026500
2021-03-12,-8.287998504638665,-7.518001861572245,-9.527996368408196,-7.658001251220696,-9.580692596435526,88105100
2021-03-15,-7.41764636993409,-4.827650032043465,-8.407651863098138,-4.837652168273948,-6.807363471984871,92403800
2021-03-16,-3.2830530548095425,-1.7630487823486192,-4.263048782348619,-3.4130503082275254,-5.407869949340807,115227900
2021-03-17,-5.0761969375610505,-3.2661993789672863,-6.786203651428224,-4.366197853088366,-6.348139076232911,111932600
2021-03-18,-6.392302703857425,-6.092299652099598,-8.95230026245116,-8.742301177978504,-10.657050323486317,121229700
2021-03-19,-9.521548461914051,-7.991549682617176,-9.741549682617176,-9.43155212402344,-11.337725830078114,185549500
2021-03-22,-9.245648155212407,-5.705647239685035,-9.315647850036598,-6.185650596618643,-8.14584041595458,111912300
2021-03-23,-6.414848136901881,-5.504852104187037,-7.604850578308117,-7.204849052429211,-9.151542472839353,95467100
2021-03-24,-7.087350311279295,-7.007348480224607,-9.837350311279295,-9.817353668212888,-11.725114288330076,88530500
2021-03-25,-10.566949081420887,-8.446946334838856,-11.10694999694823,-9.516953659057606,-11.432664108276356,98844700
2021-03-26,-9.931301536560056,-8.801296653747556,-11.361301841735823,-9.071300926208494,-10.996845664978025,94071200
2021-03-29,-8.818798484802244,-7.888798179626477,-9.738796653747556,-9.078800621032713,-11.007214012145994,80819200
2021-03-30,-10.548449401855464,-10.25844848632812,-11.798449401855464,-10.75844848632812,-12.663195495605464,85671900
2021-03-31,-9.19719848632812,-7.327203369140619,-9.69719848632812,-8.69719848632812,-10.63768920898437,118323800
2021-04-01,-7.360996398925778,-6.840999755859372,-8.531002197265636,-8.021000061035153,-9.974987182617198,75089100
2021-04-05,-7.303947296142567,-5.013946380615238,-8.103950347900394,-5.2739485168457065,-7.2740095520019565,88651200
2021-04-06,-4.822300033569348,-4.192302780151394,-5.672298507690442,-5.112300949096692,-7.117275314331067,80171300
2021-04-07,-5.6483981704711965,-3.558401832580543,-6.338400611877432,-3.5783984756469636,-5.610228309631353,83466700
2021-04-08,-2.691553077697762,-1.2515506362915119,-3.121545753479012,-1.2815494155883869,-3.3524570083618244,88844600
2021-04-09,-2.0096969604492188,1.2302932739257812,-2.3396987915039062,1.1902999877929688,-0.9225540161132812,106686700
2021-04-12,0.5472042465210052,0.8772060775756927,-1.3427951431274323,-0.7327945327758698,-2.81769443511962,91420000
2021-04-13,0.3009524536132915,2.5209536743164165,-0.20905731201170852,2.2909426879882915,0.15539886474610398,91266500
2021-04-14,2.6342024993896587,2.6942000579834087,-0.6457962799072163,-0.27580116271971633,-2.373228530883779,87222800
2021-04-15,1.3396573638916038,2.519650039672854,1.1596494293212913,2.019650039672854,-0.11702293395995866,89347100
2021-04-16,1.6263530731201286,1.9963481903076286,0.6063488006591911,1.486353683471691,-0.6449329376220589,84922400
2021-04-19,0.6539945220947345,2.614001235961922,0.483996353149422,1.983996353149422,-0.15809349060057798,94264200
2021-04-20,1.9803542327880734,2.490348739624011,-1.229652481079114,0.07035057067869843,-2.044258193969739,94812300
2021-04-21,-0.8552494430541913,0.5347499465942462,-1.9152470016479413,0.28474994659424624,-1.8360538864135663,68847100
2021-04-22,-0.34715679168701286,0.7628438186645496,-1.9771464157104504,-1.4471476364135754,-3.5431559371948254,84566500
2021-04-23,-1.3875963973999035,1.5723950576782215,-1.3875963973999035,0.7724072647094715,-1.3614123153686535,78657500
2021-04-26,1.1202017593383857,1.3501974868774482,-0.14980251312255177,1.0102011489868232,-1.1299660873413018,66905100
2021-04-27,1.1514944839477437,1.5515036392211812,0.2515005874633687,0.5314993667602437,-1.6034493637085063,66015800
2021-04-28,0.3347975540161201,1.0448042678833076,-0.8951981735229424,-0.3951981735229424,-2.51725322723388,107760100
2021-04-29,2.395501213073743,2.995507316589368,-1.6245030593871945,-0.5945042800903195,-2.714972419738757,151101000
2021-04-30,-2.3969511795043843,-0.6169524002075093,-3.1069426345825093,-2.716943244934072,-4.805337409973134,109839500
2021-05-03,-2.254956703186025,-0.22494266510008742,-2.46494815826415,-1.754956703186025,-3.8604712295532124,75135100
2021-05-04,-3.2203475570678677,-2.920344505310055,-7.710353050231916,-6.560351524353024,-8.591387901306163,137564700
2021-05-05,-5.323053054809577,-4.073053054809577,-6.55304878234864,-6.42304389953614,-8.458055191040046,84000900
2021-05-06,-6.751000595092762,-4.8909999847412,-7.511002731323245,-4.900994491577137,-6.962060165405262,78128300
2021-05-07,-3.8843439102172965,-3.474355506896984,-5.254354286193859,-4.524343299865734,-6.375203895568859,78973300
2021-05-10,-5.426446342468267,-5.29645671844483,-8.026452445983878,-7.986451530456549,-9.789575004577642,88071200
2021-05-11,-11.435050010681152,-8.665053367614746,-12.165053367614746,-9.025046348571777,-10.814803123474107,126142800
2021-05-12,-11.608898468017571,-10.36890060424804,-12.758899993896478,-12.238903350830071,-13.98401290893554,112172300
2021-05-13,-10.485548171997081,-8.915548477172848,-10.805547866821271,-10.09554878234863,-11.871931228637692,105861300
2021-05-14,-8.877600021362298,-7.23760063171386,-9.277601547241204,-7.677603073120096,-9.48924095153808,81918000
2021-05-17,-8.384300308227552,-8.274299697875989,-10.034301834106444,-8.934303359985364,-10.729164199829114,74244600
2021-05-18,-8.719602432250966,-8.289602127075213,-10.499601211547855,-10.429601516723636,-12.20428260803223,63342900
2021-05-19,-12.174696273803704,-10.414701766967752,-12.474699325561517,-10.644697494506843,-12.41709739685058,92612000
2021-05-20,-10.16394653320313,-7.673948669433599,-10.29395141601563,-8.08395233154296,-9.89361419677735,76857100
2021-05-21,-7.621650161743162,-7.4416498565673805,-10.231650772094724,-10.0116495513916,-11.794585647583006,79295400
2021-05-24,-9.452747726440421,-7.522747421264668,-9.522747421264668,-8.36275138854981,-10.16942253112795,63092900
2021-05-25,-7.687200164794916,-7.187192535400385,-9.187200164794916,-8.607198333740229,-10.411008453369135,72009500
2021-05-26,-8.602800750732428,-8.172800445556646,-9.142801666259757,-8.71280136108399,-10.515924835205084,56575900
2021-05-27,-9.192097396850599,-7.992100448608397,-10.552098007202162,-10.35210105895996,-12.13289329528807,94625600
2021-05-28,-10.158850097656256,-9.928846740722676,-11.178846740722676,-11.118849182128912,-12.89011230468752,71311100
2021-06-01,-10.740097961425803,-10.470101318359383,-11.880097351074241,-11.540101013183602,-13.306672058105477,67637100
2021-06-02,-11.654500999450676,-10.694501914978034,-11.884496726989752,-10.874502220153786,-12.652166404724113,59278900
2021-06-03,-11.343349494934074,-11.173351325988762,-12.8933525466919,-12.483348884582512,-14.239406623840338,76229200
2021-06-04,-12.036300086975103,-9.946296119689947,-12.256301307678228,-10.216300392150885,-12.00576725006104,75169300
2021-06-07,-10.038001670837374,-9.888000144958482,-11.377998008728028,-10.307998313903795,-12.0976025009155,71057600
2021-06-08,-9.708251380920416,-7.848243141174322,-10.098250770568853,-9.568251991271993,-11.369796180725103,74403800
2021-06-09,-9.206650810241712,-8.666649894714368,-9.896653251647962,-9.286652641296413,-11.093728141784695,56877900
2021-06-10,-9.501103248596195,-8.331097450256351,-10.581097450256365,-10.411099281311039,-12.203686561584476,71186400
2021-06-11,-10.100201148986827,-9.190197486877466,-10.530201454162608,-9.280201454162608,-11.090420265197764,53522400
2021-06-14,-8.921150245666496,-6.201156654357902,-9.671150245666496,-6.261154212951652,-8.115860023498527,96906500
2021-06-15,-6.898447532653819,-6.238443870544444,-7.448450584411631,-7.198450584411631,-9.041216392517114,62746300
2021-06-16,-6.538904914855948,-6.01890064239501,-8.44889331817626,-6.758906135559073,-8.608942756652823,91815000
2021-06-17,-7.169946937561036,-4.419946937561036,-7.319956092834474,-5.179956703186036,-7.053293495178224,96721700
2021-06-18,-6.297543296813956,-5.497555503845206,-6.767544517517081,-6.547543296813956,-8.401989707946768,108953300
2021-06-21,-6.745796928405753,-4.63579631805419,-7.835793266296378,-4.745796928405753,-6.626381645202628,79663300
2021-06-22,-4.945095100402824,-2.9950981521606366,-5.455104866027824,-3.0951042556762616,-4.999584236145012,74783600
2021-06-23,-3.35899570465088,-2.8089926528930675,-3.899004249572755,-3.42900302886963,-5.3294699478149425,60214200
2021-06-24,-2.769153022766119,-2.579150581359869,-4.2891572952270565,-3.8091463088989315,-5.7055086135864315,68711000
2021-06-25,-3.838443260192861,-3.408450584411611,-4.488452415466298,-4.188449363708486,-6.080554466247548,70783700
2021-06-28,-3.9684962844848712,-2.1284999465942462,-4.028493843078621,-2.5985011672973712,-4.514364204406746,62111300
2021-06-29,-2.676246910095216,-0.986244468688966,-3.1262438583374035,-1.146248130798341,-3.084114341735841,64556100
2021-06-30,-1.4086517715454079,-0.16864627838134538,-1.7086548233032204,-0.6186432266235329,-2.565451087951658,63261400
2021-07-01,-1.0975938796997013,-0.36759815216063885,-1.9376054763793888,-0.42759571075438885,-2.3788133621215763,52485800
2021-07-02,0.08184391021728743,2.1818500137329124,-0.06814998626708757,2.1418567276001,0.15240055084228743,78852600
2021-07-06,2.1248572921753066,5.204843864440932,2.1248572921753066,4.074854240417494,2.056116447448744,108181800
2021-07-07,5.462093238830562,6.812099342346187,4.582103614807124,6.492107276916499,4.437114601135249,104911600
2021-07-08,3.3937018203735363,5.873697547912599,2.4836981582641613,5.053705482482911,3.017618446350099,105575500
2021-07-09,4.439349937438976,7.339343833923351,4.339343833923351,6.799350547790539,4.736697959899914,99890800
2021-07-12,7.738806648254382,7.8488072586059445,5.5287999343871945,6.0287999343871945,3.9747838211059445,76299700
2021-07-13,5.389148674011238,8.819156608581551,4.989154777526863,6.999149284362801,4.928958854675301,100827100
2021-07-14,9.288906059265145,10.75890727996827,8.86889263153077,10.338893852233895,8.21880718231202,127050800
2021-07-15,10.269055442810071,11.029049949646009,8.119046287536634,9.509045677185071,7.398480491638196,106820300
2021-07-16,9.29245662689209,10.59244441986084,6.712454795837402,7.22244930267334,5.14157772064209,93251400
2021-07-19,4.355849952697753,4.675857276916503,2.2758481216430653,3.0558469009399403,1.0310055923461903,121434600
2021-07-20,3.8172066497802746,7.457206039428712,3.3172066497802746,6.507193832397462,4.429740219116212,96350000
2021-07-21,5.6193487167358285,6.2193548202514535,4.7193548202514535,5.4893438339233285,3.422586631774891,74993500
2021-07-22,5.738402404785148,7.998396911621086,5.608397521972648,6.598403015136711,4.511717834472648,77338200
2021-07-23,7.108652992248523,8.278651161193835,6.478648109436023,8.11864749908446,6.006937904357898,71447400
2021-07-26,7.582604217529308,9.142601776123058,7.012596893310558,8.302605438232433,6.184807586669933,72434100
2021-07-27,8.146395034790032,8.23640663146972,4.576402969360345,5.79640419006347,3.7101615142822197,104818600
2021-07-28,3.575747489929199,5.735751152038574,1.3057432174682617,3.7457456588745117,1.6849241256713867,118931200
2021-07-29,3.2071523666381836,5.067152976989746,3.097151756286621,4.157149314880371,2.086958885192871,56699500
2021-07-30,2.6302048110961778,4.580201759338365,2.3602005386352403,4.11020053863524,2.0368667984008653,70440600
2021-08-02,4.350700492858891,4.940696830749516,3.2406998825073288,3.5107041549682663,1.4422074508667038,62880000
2021-08-03,3.5223974609374977,5.75239318847656,2.8923925781249977,5.07240051269531,2.9777655029296852,64786600
2021-08-04,4.710804176330555,5.23079319000243,3.7207986831664925,4.390796852111805,2.3020059585571175,56368300
2021-08-05,4.124295616149908,4.9842962265014705,3.314298057556158,4.2042974472045955,2.1139348983764705,46397700
2021-08-06,3.217806015014645,3.9778005218505825,2.49780479431152,3.0077993011474575,1.146333847045895,54126800
2021-08-09,2.7987468338012604,3.2987468338012604,2.1187541580200104,2.688746223449698,0.8279063796996979,48908700
2021-08-10,2.7715523529052746,4.041556625366212,1.631552963256837,1.9315560150146496,0.07694175720214957,69023100
2021-08-11,2.265279338587476,2.9352775075327884,1.7452750661265384,2.075276897181226,0.21739725850935088,48493500
2021-08-12,2.28510334515812,5.145103955509683,1.9350972416424952,4.985100293400308,3.0886159184003077,72282600
2021-08-13,4.960965577720998,5.430966798424123,4.2609686294788105,5.090970460533498,3.191800538658498,59375000
2021-08-16,4.421421751684079,7.0714309069575165,2.3514296862543915,7.0014235827387665,5.0765273425043915,103296000
2021-08-17,5.988200730543866,7.438197678786054,4.848201340895429,5.948207444411054,4.035152024489179,92229700
2021-08-18,5.436291566829084,6.356289735774396,1.7862824115556464,1.9962891254228339,0.13201605413377138,86326000
2021-08-19,0.5463198726041298,3.516321093307255,0.01632109330725484,2.2163180415494423,0.34775725053381734,86960300
2021-08-20,2.836043953895569,3.896041512489319,2.176040291786194,3.586043953895569,1.6984859704971313,60549600
2021-08-23,3.576698982278714,5.456703865091214,3.1567008133334014,4.976708137552151,3.0697562332552764,60131800
2021-08-24,4.597838913766964,6.007842575876339,4.297835862009151,4.767837082712276,2.8620448463841512,48606400
2021-08-25,4.842219640338243,5.352229405963243,2.8322251335023054,3.3922226920960554,1.502497960650743,58991300
2021-08-26,3.280803842747474,4.050792856419349,2.4407922460677867,2.4707910253646617,0.5914880468490367,48597200
2021-08-27,2.309942112886972,3.5799463853479097,1.6599482164025972,3.4299524888635347,1.5371607408166597,55802400
2021-08-30,3.7370966429351427,8.227102136099205,3.347097253286705,7.857091760122643,5.906743859732018,90956700
2021-08-31,7.31654407398122,7.456543463629657,5.946533698004657,6.486542242926532,4.552597540778095,86453100
2021-09-01,7.419458223425835,9.56945211991021,6.929452730261772,7.099450899207085,5.156839204871147,80313700
2021-09-02,8.382016875053353,9.232022978568978,6.912015654350228,8.162015654350228,6.204908110404915,71115500
2021-09-03,8.211258102249303,9.081268478225866,7.541259933303991,8.751266647171178,6.785873580764928,57808700
2021-09-07,9.34657565796573,11.636568944098542,8.766573826911042,11.066576878668855,9.070727269293855,82278300
2021-09-08,11.294773356119805,11.354770914713555,8.294773356119805,9.424778238932305,7.44903971354168,74420200
2021-09-09,9.740396425044736,10.360391542232236,8.200387880122861,8.320398256099423,6.357934877193173,57305700
2021-09-10,9.189100972722088,9.66909670026115,2.889097920964275,3.1591021934252126,1.26162599713615,140893200
2021-09-13,4.7473493673033715,5.537342653436184,2.8673444844908715,3.667347536248684,1.762440309686184,102404300
2021-09-14,4.396994590759277,5.116995811462402,0.9569921493530273,2.1669836044311523,0.28031063079833984,109296300
2021-09-15,2.526911708286832,3.406916591099332,0.336909266880582,2.996912928989957,1.098658534458707,83281300
2021-09-16,2.3396000478459484,2.8695988271428234,1.1195988271428234,2.689590892572511,0.7943729970646984,68034100
2021-09-17,2.6538222649193983,2.6538222649193983,-0.4061905524634142,-0.10618750070560168,-1.9666153571509142,129868800
2021-09-20,-2.4346482032953247,-1.3946549171625122,-4.9646469825922,-3.294648813646887,-5.11534278337345,123478900
2021-09-21,-2.3786623770730557,-1.7086489493386807,-3.5286562735574307,-2.8786623770730557,-4.705612450315243,75834000
2021-09-22,-1.9341208065257263,0.045874921013336234,-2.6841208065257263,-0.5341116512522888,-2.3918692196116638,76404300
2021-09-23,0.17756779236199804,0.6075757269323105,-0.8324267144739395,0.35757572693231054,-1.512678789669252,64838200
2021-09-24,-0.8953535897391305,0.9146439688546195,-0.9953596932547555,0.364640917096807,-1.5067427498953805,53477900
2021-09-27,-1.1973641675389501,-0.7073586743748876,-2.847358064023325,-1.2973702710545751,-3.14902432378895,74150700
2021-09-28,-3.529216950198247,-2.029216950198247,-5.089214508791997,-4.869213288088872,-6.676799958010747,108972300
2021-09-29,-4.412483677719592,-2.43248795018053,-4.852486119125842,-4.05248306736803,-5.871788487289905,74602000
2021-09-30,-3.324142688658185,-2.60414146795506,-5.704147571470685,-5.48414635076756,-7.28651451483006,89056700
2021-10-01,-5.207674833894515,-4.187670561433578,-7.997668120027328,-4.457674833894515,-6.274676176667953,94639600
2021-10-04,-5.478524007914984,-5.028511800883734,-8.968514242289984,-8.098519125102484,-9.87082747471186,98322000
2021-10-05,-7.900491418305393,-5.150491418305393,-8.030496301117893,-6.280496301117893,-8.077890099946018,80861100
2021-10-06,-8.060623788833624,-5.380631113052374,-9.160629892349249,-5.530625009536749,-7.339356088638311,83221100
2021-10-07,-4.59692070919013,-3.4369170470807546,-4.936917047080755,-4.366924981651067,-6.19207451778388,61732700
2021-10-08,-3.762279751934585,-3.61228585545021,-5.23228097263771,-4.892284634747085,-6.712490323223648,58773200
2021-10-11,-5.6684034311088,-3.1284101449759874,-6.128410144975987,-5.128410144975987,-6.947440906694737,64452200
2021-10-12,-4.857440214890687,-4.8374359424297495,-7.047442656296937,-6.577441435593812,-8.379946928757875,73035900
2021-10-13,-6.981478438838849,-6.821490035518536,-9.021486983760724,-7.311480269893536,-9.106325850948224,78762700
2021-10-14,-6.259479968578773,-4.489475696117836,-6.859486072094398,-4.609486072094398,-6.440632312328773,69907100
2021-10-15,-4.738492529376657,-3.6085029053532196,-4.998502295001657,-3.6685004639469696,-5.513425390704782,67940300
2021-10-18,-5.200661006726705,-1.8106616170782672,-5.490654292859517,-2.1006549032110797,-3.9673388631720172,85589200
2021-10-19,-1.785038676482941,0.3749649856264341,-2.245030131561066,-0.0350386764829409,-1.9298598434751284,76378900
2021-10-20,-0.2518031311035145,0.798199920654298,-0.831804962158202,0.3081944274902355,-1.593004913330077,58418800
2021-10-21,-0.30517030242305054,0.524831528631637,-1.2451727438293005,0.36482786652226196,-1.5391790914855505,61421000
2021-10-22,0.40702938389134147,0.8970196182663415,-0.642973667866471,-0.5929706161086585,-2.4869220321242835,58883400
2021-10-25,-0.7677625279848144,-0.07776008657856437,-1.8277600865785644,-0.8077558141176269,-2.7010816197816894,50720600
2021-10-26,-0.29520374454864395,1.2147907622872935,-0.615211068767394,-0.30519825138458145,-2.2071757904470815,60893400
2021-10-27,-0.4288960423962749,-0.05890092520877488,-1.2988911595837749,-0.9388905492322124,-2.834901901771275,56094900
2021-10-28,-0.13478443357678316,3.2152064111497793,-0.23479053709240816,2.615215566423217,0.6718561914232168,100077900
2021-10-29,-2.8971317531345733,-0.17713053243144827,-3.7071293117283233,-0.3171299220798858,-2.2251957179783233,124953200
2021-11-01,-1.2890087181413605,-0.5790172630632355,-2.4790111595476105,-1.3190074974382355,-3.2163768822038605,74588300
2021-11-02,-1.7904219931744478,1.1195816689349272,-1.8004317587994478,-0.43042138282288533,-2.341325313486948,69122000
2021-11-03,-0.22542931692942147,1.354572514125266,-0.795421382359109,0.8745767865862035,-1.055003901890359,54511500
2021-11-04,0.8197138944118194,1.669704739138382,-0.12028854699443059,0.1997187772243194,-1.7231327852756806,60394600
2021-11-05,0.9766658838244382,1.2866634424181882,-0.8533359472302493,0.3666652734728757,-1.3422733251599368,65463900
2021-11-08,0.3451129328595357,0.5051165949689107,-0.9048870671404643,-0.6248882878435893,-2.3243511784685893,55020900
2021-11-09,-1.0066209680893792,0.22337475944968332,-1.1466203577378167,-0.3966203577378167,-2.1002641565659417,56787900
2021-11-10,-1.3402922453703638,-1.2302916350188013,-3.5102904143156763,-3.440298348885989,-5.111303597909426,65187100
2021-11-11,-2.542530799979602,-2.0725448380655394,-3.8225448380655394,-3.6325423966592894,-5.302983070487414,41000000
2021-11-12,-3.2042932725490516,-1.2342920518459266,-4.154290220791239,-1.644280455166239,-3.3386621690334266,63804000
2021-11-15,-1.4001566569010322,0.10985310872396781,-2.340159098307282,-1.7701517740885322,-3.4646555582682197,59222800
2021-11-16,-1.9703031350638014,-0.4203000833059889,-2.5703092385794264,-0.9103055764700514,-2.6161161233450514,59256200
2021-11-17,-1.0549233069786794,2.9450766930213206,-1.064917813814617,1.435082186185383,-0.2988503089318044,88807000
2021-11-18,1.52116926326309,6.481160718341215,0.861165601153715,5.6811576665834025,3.8977409185365275,137827700
2021-11-19,5.337259292602539,8.707269668579102,4.217264175415039,8.237268447875977,6.423578262329102,117305600
2021-11-22,9.246370450718189,13.266374723179126,8.566377774936939,8.586382047397876,6.767412320835376,117467900
2021-11-23,8.566026717897444,9.246034652467756,6.506029159303694,8.856035262819319,7.032625228639631,96041900
2021-11-24,8.095279907226569,9.485279296875007,6.985279296875007,9.285282348632819,7.455921386718757,69463600
2021-11-26,6.829523394184719,7.709513018208156,3.619516680317531,4.069513628559719,2.2980902887159687,76959800
2021-11-29,6.563084548081804,8.383091872300554,5.983082717027116,7.433094924058366,5.622899001206804,88748200
2021-11-30,7.104677669337548,12.634676448634423,7.034670345118798,12.414675227931298,10.547335140040673,174048100
2021-12-01,14.530409001121825,17.350416325340575,11.580412052879637,11.8204175460437,9.959058903465575,152052500
2021-12-02,5.720005544026691,11.179996999104816,4.780003102620441,10.739994557698566,8.89004948933919,136739200
2021-12-03,10.93798751189928,11.87798995330553,6.6379844601414675,8.757979577328967,6.9297019894383425,118023100
2021-12-06,11.174654297909484,14.764665894589172,11.164659791073547,12.204668335995422,10.337114625057922,107497000
2021-12-07,15.925044524363983,18.425044524363983,15.18503903119992,18.025035369090546,16.091273772410858,120405400
2021-12-08,18.916728973388672,22.74673080444336,17.48672103881836,21.86672592163086,19.88888168334961,116998900
2021-12-09,21.603134022588307,23.443130360478932,20.613128529424245,21.253127919072682,19.281143055791432,108923700
2021-12-10,21.840357462565095,26.260355631510407,21.320353190104157,26.080347696940095,24.053171793619782,115402700
2021-12-13,27.679817942391452,28.689827708016452,22.089821604500827,22.299828318368014,20.314553049813327,153237000
2021-12-14,21.750535556248252,24.240541049412315,18.71054227011544,20.83053738730294,18.86117703574044,139380400
2021-12-15,21.566036464931727,25.956035854580165,18.766033413173915,25.756038906337977,23.73054146981454,131063300
2021-12-16,25.69463500976562,27.554635620117182,17.164636230468744,18.674630737304682,16.728677368164057,150185800
2021-12-17,16.282102672331916,19.82211121725379,16.042112437956916,17.492109386199104,15.558820811980354,195432700
2021-12-20,14.551850495515055,16.851853547272867,13.731858430085367,16.02185171621818,14.10424917715568,107499100
2021-12-21,17.756259098231226,19.396258487879663,15.316256656824976,19.18626703280154,17.232073917567163,91185900
2021-12-22,19.161313902656985,21.981321226875735,18.271314513008548,21.76132000617261,19.777173888008548,92135300
2021-12-23,21.891720290411087,22.891720290411087,21.3117184593564,22.321712966192337,20.33034944080171,68356600
2021-12-27,23.068265474759613,26.3982673058143,23.048276461087738,26.308270967923676,24.271161592923676,74919600
2021-12-28,26.06961518815416,27.2396133570995,24.439610305341688,25.199604812177625,23.174198928388563,79144300
2021-12-29,25.170687955968532,26.470691007726344,23.980685514562282,25.220691007726344,23.194308561437282,62348900
2021-12-30,25.23128819229578,26.331294295811404,23.85128330948328,23.96128391983484,21.94820713760828,59773000
